Country,Athletes
Afghanistan,3
Albania,6
Algeria,64
American Samoa,4
Andorra,5
Angola,25
Antigua and Barbuda,9
Argentina,213
Armenia,33
Aruba,7
Australia,421
Austria,71
Azerbaijan,56
Bahamas,28
Bahrain,35
Bangladesh,7
Barbados,12
Belarus,121
Belgium,108
Belize,3
Benin,6
Bermuda,8
Bhutan,2
Bolivia,12
Bosnia and Herzegovina,11
Botswana,12
Brazil,465 
British Virgin Islands,4
Brunei,3
Bulgaria,51
Burkina Faso,5
Burundi,9
Cambodia,6
Cameroon,24
Canada,314
Cape Verde,5
Cayman Islands,5
Central African Republic,6
Chad,2
Chile,42
China,413
Colombia,147
Comoros,4
Republic of the Congo,10
Democratic Republic of the Congo,4
Cook Islands,9
Costa Rica,10
Croatia,87
Cuba,120
Cyprus,16
Czech Republic,105
Denmark,122
Djibouti,7
Dominica,2
Dominican Republic,29
Ecuador,38
Egypt,120
El Salvador,8
Equatorial Guinea,2
Eritrea,12
Estonia,45
Ethiopia,34
Fiji,51
Finland,56
France,399
Gabon,6
The Gambia,4
Georgia,39
Germany,425
Ghana,14
Great Britain,366
Greece,95
Grenada,6
Guam,5
Guatemala,21
Guinea,5
Guinea-Bissau,5
Guyana,6
Haiti,10
Honduras,26
Hong Kong,38
Hungary,160
Iceland,8
India,117
Indonesia,28
Iran,64
Iraq,23
Ireland,77
Israel,48
Italy,314
Ivory Coast,12
Jamaica,68
Japan,338
Jordan,8
Kazakhstan,104
Kenya,89
Kiribati,3
North Korea,35
South Korea,205
Kosovo,8
Independent Olympic Athletes,9
Kyrgyzstan,19
Laos,6
Latvia,34
Lebanon,9
Lesotho,8
Liberia,2
Libya,7
Liechtenstein,3
Lithuania,67
Luxembourg,10
Macedonia,6
Madagascar,6
Malawi,5
Malaysia,32
Maldives,4
Mali,6
Malta,7
Marshall Islands,5
Mauritania,2
Mauritius,12
Mexico,125
Federated States of Micronesia,5
Moldova,23
Monaco,3
Mongolia,43
Montenegro,34
Morocco,51
Mozambique,6
Myanmar,7
Namibia,10
Nauru,2
Nepal,7
Netherlands,242
New Zealand,199
Nicaragua,5
Niger,6
Nigeria,75
Norway,62
Oman,4
Pakistan,7
Palau,5
Palestine,6
Panama,10
Papua New Guinea,8
Paraguay,11
Peru,29
Philippines,13
Poland,243
Portugal,92
Puerto Rico,42
Qatar,38
Refugee Olympic Team,10
Romania,97
Russia,282
Rwanda,8
Saint Kitts and Nevis,7
Saint Lucia,5
Saint Vincent and the Grenadines,4
Samoa,8
San Marino,5
So Tom and Prncipe,3
Saudi Arabia,11
Senegal,22
Serbia,103
Seychelles,10
Sierra Leone,4
Singapore,25
Slovakia,51
Slovenia,61
Solomon Islands,3
Somalia,2
South Africa,137
Spain,306
Sri Lanka,9
Sudan,6
South Sudan,3
Suriname,6
Swaziland,2
Sweden,152
Switzerland,104
Syria,7
Chinese Taipei,60
Tajikistan,7
Tanzania,7
Thailand,54
Timor-Leste,3
Togo,5
Tonga,7
Trinidad and Tobago,32
Tunisia,61
Turkey,103
Turkmenistan,9
Tuvalu,1
Uganda,21
Ukraine,203
United Arab Emirates,13
United States,554
Uruguay,17
Uzbekistan,70
Vanuatu,4
Venezuela,87
Vietnam,23
Virgin Islands,7
Yemen,3
Zambia,7
Zimbabwe,31
